{
	"IcoMoonType": "selection",
	"icons": [
		{
			"icon": {
				"paths": [
					"M819.2 565.333c-10.667 6.4-23.467 2.133-29.867-8.533l-256-445.867v891.733c0 12.8-8.533 21.333-21.333 21.333s-21.333-8.533-21.333-21.333v-891.733l-258.133 445.867c-6.4 10.667-19.2 12.8-29.867 8.533-10.667-6.4-12.8-19.2-8.533-29.867l298.667-514.133c4.267-6.4 10.667-10.667 19.2-10.667s14.933 4.267 19.2 10.667l296.533 514.133c6.4 10.667 2.133 23.467-8.533 29.867z"
				],
				"attrs": [
					{
						"opacity": 1,
						"visibility": false
					}
				],
				"grid": 0,
				"tags": [
					"icon_arrow_up"
				]
			},
			"attrs": [
				{
					"opacity": 1,
					"visibility": false
				}
			],
			"properties": {
				"order": 8,
				"id": 8,
				"prevSize": 64,
				"code": 58887,
				"name": "icon_arrow_up",
				"ligatures": ""
			},
			"setIdx": 0,
			"iconIdx": 0
		},
		{
			"icon": {
				"paths": [
					"M819.2 458.667c-10.667-6.4-23.467-2.133-29.867 8.533l-256 445.867v-891.733c0-12.8-8.533-21.333-21.333-21.333s-21.333 8.533-21.333 21.333v891.733l-258.133-445.867c-6.4-10.667-19.2-12.8-29.867-8.533-10.667 6.4-12.8 19.2-8.533 29.867l298.667 514.133c4.267 6.4 10.667 10.667 19.2 10.667s14.933-4.267 19.2-10.667l296.533-514.133c6.4-10.667 2.133-23.467-8.533-29.867z"
				],
				"attrs": [
					{
						"opacity": 1,
						"visibility": false
					}
				],
				"grid": 0,
				"tags": [
					"icon_arrow_down"
				]
			},
			"attrs": [
				{
					"opacity": 1,
					"visibility": false
				}
			],
			"properties": {
				"order": 9,
				"id": 7,
				"prevSize": 64,
				"code": 58888,
				"name": "icon_arrow_down",
				"ligatures": ""
			},
			"setIdx": 0,
			"iconIdx": 1
		},
		{
			"icon": {
				"paths": [
					"M776 742.192l-33.808 33.808-230.192-230.192-230.176 230.192-33.824-33.808 230.176-230.192-230.176-230.176 33.824-33.824 230.176 230.192 230.192-230.192 33.808 33.824-230.192 230.176 230.192 230.192z"
				],
				"attrs": [
					{
						"opacity": 1,
						"visibility": false
					}
				],
				"grid": 0,
				"tags": [
					"icon-7"
				]
			},
			"attrs": [
				{
					"opacity": 1,
					"visibility": false
				}
			],
			"properties": {
				"order": 7,
				"id": 6,
				"prevSize": 64,
				"code": 58886,
				"name": "icon-7",
				"ligatures": ""
			},
			"setIdx": 0,
			"iconIdx": 2
		},
		{
			"icon": {
				"paths": [
					"M834.512 880h-674.512v-544h128v-176h591.488l0.512 48v624l-0.512 48h-44.976zM336 208v528h-48v-352h-80v448h624v-624h-496zM480 672v-48h224v48h-224zM480 496h224v48h-224v-48zM480 368h224v48h-224v-48z"
				],
				"attrs": [
					{
						"opacity": 1,
						"visibility": false
					}
				],
				"grid": 0,
				"tags": [
					"icon-1"
				]
			},
			"attrs": [
				{
					"opacity": 1,
					"visibility": false
				}
			],
			"properties": {
				"order": 1,
				"id": 5,
				"prevSize": 64,
				"code": 58880,
				"name": "icon-1",
				"ligatures": ""
			},
			"setIdx": 0,
			"iconIdx": 3
		},
		{
			"icon": {
				"paths": [
					"M144 192v624h720v-624h-720zM784 240l-280 277.184-280-277.184h560zM816 768h-624v-496l296.096 292.912 15.904 6.592 15.904-6.592 296.096-292.912v496z"
				],
				"attrs": [
					{
						"opacity": 1,
						"visibility": false
					}
				],
				"grid": 0,
				"tags": [
					"icon-2"
				]
			},
			"attrs": [
				{
					"opacity": 1,
					"visibility": false
				}
			],
			"properties": {
				"order": 2,
				"id": 4,
				"prevSize": 64,
				"code": 58881,
				"name": "icon-2",
				"ligatures": ""
			},
			"setIdx": 0,
			"iconIdx": 4
		},
		{
			"icon": {
				"paths": [
					"M772.928 497.504c-4.784-57.632-27.52-110.096-62.768-151.744l79.776-79.824-31.776-31.808-79.776 79.84c-41.664-35.28-94.064-58.032-151.664-62.8v-91.168h-44.992v91.12c-57.584 4.784-110 27.536-151.632 62.816l-79.792-79.84-31.792 31.808 79.776 79.84c-35.232 41.664-57.984 94.128-62.752 151.728h-91.040v45.008h91.056c4.768 57.632 27.52 110.096 62.752 151.744l-57.296 57.344 31.792 31.792 57.312-57.344c41.632 35.28 94.048 58.032 151.632 62.832v91.12h44.96v-91.12c57.616-4.784 110.032-27.536 151.664-62.816l57.296 57.344 31.792-31.808-57.312-57.344c35.248-41.664 57.984-94.128 62.768-151.728h91.056v-45.008h-91.040zM504.512 736c-119.296 0-216-96.704-216-216s96.704-216 216-216c119.312 0 216 96.704 216 216s-96.704 216-216 216zM504.512 464c-30.944 0-56 25.056-56 56s25.056 56 56 56c30.928 0 56-25.056 56-56s-25.072-56-56-56z"
				],
				"attrs": [
					{
						"opacity": 1,
						"visibility": false
					}
				],
				"grid": 0,
				"tags": [
					"icon-3"
				]
			},
			"attrs": [
				{
					"opacity": 1,
					"visibility": false
				}
			],
			"properties": {
				"order": 3,
				"id": 3,
				"prevSize": 64,
				"code": 58882,
				"name": "icon-3",
				"ligatures": ""
			},
			"setIdx": 0,
			"iconIdx": 5
		},
		{
			"icon": {
				"paths": [
					"M784.064 879.44h-0.064c0 1.952 0.048 0.96 0.064 0zM632.88 588.944c74-40.112 124.256-118.416 124.256-208.496 0-130.88-106.16-237.008-237.104-237.008s-237.12 106.128-237.12 237.008c0 90.080 50.256 168.368 124.272 208.496-116.48 45.248-199.168 158.096-199.168 290.496h46.816c-0.176-3.84 1.184 3.888 1.184 0 0-146.080 123.216-272 256-272 146.784 0 272 125.92 272 272 0.080-1.92 0.080-0.96 0.064 0h47.936c-0.016-132.416-82.704-245.248-199.136-290.496zM336 375.44c0-101.632 82.368-184 184-184s184 82.368 184 184-82.368 184-184 184c-101.632-0-184-82.384-184-184z"
				],
				"attrs": [
					{
						"opacity": 1,
						"visibility": false
					}
				],
				"grid": 0,
				"tags": [
					"icon-4"
				]
			},
			"attrs": [
				{
					"opacity": 1,
					"visibility": false
				}
			],
			"properties": {
				"order": 4,
				"id": 2,
				"prevSize": 64,
				"code": 58883,
				"name": "icon-4",
				"ligatures": ""
			},
			"setIdx": 0,
			"iconIdx": 6
		},
		{
			"icon": {
				"paths": [
					"M176 819.008v-675.008h272v48h-224v624h224v48h-272v-44.992zM832 512v0l-16-32-170.976-176-31.872 31.184 138.848 144.816h-416v48h416l-138.848 144.816 31.872 31.184 173.744-169.952 13.232-22.048z"
				],
				"attrs": [
					{
						"opacity": 1,
						"visibility": false
					}
				],
				"grid": 0,
				"tags": [
					"icon-5"
				]
			},
			"attrs": [
				{
					"opacity": 1,
					"visibility": false
				}
			],
			"properties": {
				"order": 5,
				"id": 1,
				"prevSize": 64,
				"code": 58884,
				"name": "icon-5",
				"ligatures": ""
			},
			"setIdx": 0,
			"iconIdx": 7
		},
		{
			"icon": {
				"paths": [
					"M192 288v48h656v-48h-656zM192 544h656v-48h-656v48zM192 752h656v-48h-656v48z"
				],
				"attrs": [
					{
						"opacity": 1,
						"visibility": false
					}
				],
				"grid": 0,
				"tags": [
					"icon-6"
				]
			},
			"attrs": [
				{
					"opacity": 1,
					"visibility": false
				}
			],
			"properties": {
				"order": 6,
				"id": 0,
				"prevSize": 64,
				"code": 58885,
				"name": "icon-6",
				"ligatures": ""
			},
			"setIdx": 0,
			"iconIdx": 8
		}
	],
	"height": 1024,
	"metadata": {
		"name": "lsicons"
	},
	"preferences": {
		"showGlyphs": true,
		"showQuickUse": true,
		"fontPref": {
			"prefix": "ficon-",
			"metadata": {
				"fontFamily": "lsicons",
				"majorVersion": 1,
				"minorVersion": 0
			},
			"metrics": {
				"emSize": 512,
				"baseline": 6.25,
				"whitespace": 50
			}
		},
		"imagePref": {},
		"historySize": 100,
		"showCodes": true,
		"search": ""
	}
}